{
	"family": "prive",
	"containerDefinitions": [
		{
			"name": "prive",
			"image": "nexus.privemanagers.com:18079/privemanagers/prive:$PRIVE_VERSION",
			"memoryReservation": 128,
			"portMappings": [
				{
					"containerPort": 8088,
					"hostPort": 0,
					"protocol": "tcp"
				}
			],
			"essential": true,
			"environment": [
				{
					"name": "PRIVE_AUTH_PUBLIC_CERT_FILENAME",
					"value": "public_key-uat.cert"
				},
				{
					"name": "PRIVE_RESOURCE_ID",
					"value": "prive"
				},
				{
					"name": "JAVA_OPTS",
					"value": "-Xmx350m"
				},
				{
					"name": "PRIVE_MONGODB_DB",
					"value": "prive"
				},
				{
					"name": "PRIVE_MONGODB_URI",
					"value": "mongodb://prive:chelski_849@mongo-uat1.privemanagers.com:27017,mongo-uat2.privemanagers.com:27017,mongo-uat3.privemanagers.com:27017/?replicaSet=prive-micro-uat-rs&w=majority&j=true&readConcernLevel=majority&readPreference=nearest"
				}
			],
			"privileged": false,
			"readonlyRootFilesystem": false,
			"logConfiguration": {
				"logDriver": "awslogs",
				"options": {
					"awslogs-group": "prive-micro-uat",
					"awslogs-region": "ap-northeast-1",
					"awslogs-stream-prefix": "prive",
					"awslogs-datetime-format": "%Y-%m-%d %H:%M:%S"
				}
			}
		}
	]
}
