{
	"family": "b2b",
	"containerDefinitions": [
		{
			"name": "b2b",
			"image": "nexus.privemanagers.com:18079/privemanagers/b2b:$B2B_VERSION",
			"memoryReservation": 128,
			"portMappings": [
				{
					"containerPort": 8086,
					"hostPort": 0,
					"protocol": "tcp"
				}
			],
			"essential": true,
			"environment": [
				{
					"name": "PRIVE_AUTH",
					"value": "https://eu-api-micro.privemanagers.com"
				},
				{
					"name": "PRIVE_AUTH_PUBLIC_CERT_FILENAME",
					"value": "public_key-prod.cert"
				},
				{
					"name": "PRIVE_AUTH_ADMIN_SECRET",
					"value": "8v@2fegr*^we"
				},
				{
					"name": "PRIVE_RESOURCE_ID",
					"value": "b2b"
				},
				{
					"name": "JAVA_OPTS",
					"value": "-Xmx300m"
				},
				{
					"name": "PRIVE_REBALANCER",
					"value": "https://eu-api-micro.privemanagers.com"
				},
				{
					"name": "PRIVE_ASSETS",
					"value": "https://eu-api-micro.privemanagers.com"
				},
				{
					"name": "PRIVE_QUANT",
					"value": "https://eu-api-micro.privemanagers.com"
				},
				{
					"name": "PRIVE_XASSETS",
					"value": "https://eu-api-micro.privemanagers.com"
				},
				{
					"name": "PRIVE_PRIVE_URI",
					"value": "https://eu-api-micro.privemanagers.com"
				},
				{
					"name": "PRIVE_AUTH",
					"value": "https://eu-api-micro.privemanagers.com"
				}
			],
			"privileged": false,
			"readonlyRootFilesystem": false,
			"logConfiguration": {
				"logDriver": "awslogs",
				"options": {
					"awslogs-group": "prive-micro-prod",
					"awslogs-region": "eu-west-2",
					"awslogs-stream-prefix": "b2b"
				}
			}
		}
	]
}
