{
	"family": "auth",
	"containerDefinitions": [
		{
			"name": "auth",
			"image": "nexus.privemanagers.com:18079/privemanagers/auth:$AUTH_VERSION",
			"memoryReservation": 128,
			"portMappings": [
				{
					"containerPort": 8099,
					"hostPort": 0,
					"protocol": "tcp"
				}
			],
			"essential": true,
			"environment": [
				{
					"name": "PRIVE_AUTH_PRIVATEKEY_NAME",
					"value": "private_key-prod"
				},
				{
					"name": "PRIVE_AUTH_PRIVATEKEY_PASSWORD",
					"value": "23f-T%tfo0fwe"
				},
				{
					"name": "PRIVE_AUTH_PRIVATEKEY_FILENAME",
					"value": "private_key-prod.jks"
				},
				{
					"name": "PRIVE_AUTH_GRANTTYPE_PASSWORD",
					"value": "password"
				},
				{
					"name": "PRIVE_AUTH_GRANTTYPE_REFRESHTOKEN",
					"value": "refresh_token"
				},
				{
					"name": "PRIVE_AUTH_GRANTTYPE_CLIENT_CREDIENTIALS",
					"value": "client_credentials"
				},
				{
					"name": "PRIVE_AUTH_SCOPE_API",
					"value": "api_call"
				},
				{
					"name": "PRIVE_AUTH_ADMIN_USER_GROUP",
					"value": "admin_user"
				},
				{
					"name": "PRIVE_AUTH_ADMIN_USERNAME",
					"value": "prive_admin"
				},
				{
					"name": "PRIVE_AUTH_TENANT_USER_GROUP",
					"value": "tenant_user"
				},
				{
					"name": "PRIVE_AUTH_ADMIN_SECRET",
					"value": "8v@2fegr*^we"
				},
				{
					"name": "PRIVE_RESOURCE_ID",
					"value": "auth"
				},
				{
					"name": "PRIVE_AUTH_ADMIN_TOKEN_VALIDITY_SECONDS",
					"value": "999999999"
				},
				{
					"name": "PRIVE_AUTH_TENANT_TOKEN_VALIDITY_SECONDS",
					"value": "43200"
				},
				{
					"name": "PRIVE_MONGODB_COLLECTION_USERS",
					"value": "users"
				},
				{
					"name": "JAVA_OPTS",
					"value": "-Xmx350m"
				},
				{
					"name": "PRIVE_MONGODB_DB",
					"value": "prive"
				},
				{
					"name": "PRIVE_MONGODB_URI",
					"value": "mongodb://prive:chelski_849@10.0.1.42:27017,10.0.0.42:27017,10.0.1.43:27017/?replicaSet=prive-micro-prod-rs&w=majority&j=true&readConcernLevel=majority&readPreference=nearest"
				}
			],
			"privileged": false,
			"readonlyRootFilesystem": false,
			"logConfiguration": {
				"logDriver": "awslogs",
				"options": {
					"awslogs-group": "prive-micro-prod",
					"awslogs-region": "ap-southeast-1",
					"awslogs-stream-prefix": "auth"
				}
			}
		}
	]
}
